;epoch;training;validation
0;0;0.6506525920452298;1.0470433507049293
1;1;0.2728590684565338;0.7301198317293536
