epoch;training;validation
0;0.7219679125257441;1.1011186806779159
